precinct_id,avg_biss,avg_abughazaleh,avg_fine,avg_simmons,avg_amiwala,avg_huynh,avg_andrew,pct_biss_wins,pct_fine_wins,pct_abughazaleh_wins
MCHENRY:ALG 15,28.503317,17.521019,27.078087,6.9310379,6.7841306,3.630012,9.5521908,51.818001,43.75,4.4320002
LAKE:WAUCONDA 344,28.662956,17.091036,27.68383,6.7779398,6.6472406,3.5516148,9.5851946,50.549,45.830002,3.6210001
LAKE:WAUCONDA 350,28.663406,17.06683,27.859035,6.807364,6.6415939,3.4479501,9.5139828,50.101002,46.515999,3.3829999
MCHENRY:ALG 61,28.958372,17.199329,27.220163,7.0534945,6.3836055,3.7880008,9.3974781,53.390999,42.924,3.6849999
LAKE:ELA 89,29.024328,16.335827,28.314774,7.1214151,6.0727291,3.6701431,9.4608583,50.162998,47.247002,2.5899999
LAKE:ELA 79,29.141399,16.326044,28.570318,6.8079572,6.1732869,3.5318646,9.4490795,49.736,47.827,2.437
MCHENRY:ALG 24,28.810314,17.209387,27.081137,6.8777385,6.543869,3.8519104,9.6258497,53.458,42.709,3.8329999
LAKE:VERNON 285,37.533943,20.411726,19.328417,9.478054,4.6744618,4.3152499,4.258101,94.477997,3.171,2.3510001
MCHENRY:ALG 20,28.57069,17.553373,27.046091,7.0142002,6.7300105,3.6216965,9.4638767,52.320999,43.23,4.4489999
MCHENRY:ALG 44,28.731165,17.229258,27.47369,7.0749493,6.5177588,3.5816412,9.3915548,51.585999,44.625,3.789
MCHENRY:ALG 45,28.582201,17.344484,27.543306,6.8230281,6.755415,3.4612296,9.490057,50.741001,45.32,3.9389999
LAKE:ELA 88,29.038879,16.182953,28.425169,7.223938,5.9839182,3.6864927,9.4583759,49.862,47.741001,2.3970001
MCHENRY:ALG 1,29.145947,16.854979,27.679497,6.8228507,6.2883534,3.7547505,9.4537296,52.797001,44.069,3.1340001
MCHENRY:ALG 13,28.863237,16.637579,27.890287,6.9867296,6.2963238,3.7242281,9.6015978,50.842999,46.099998,3.0569999
LAKE:VERNON 284,30.189051,28.40733,15.716315,10.583139,6.3511209,4.6467609,4.1059327,55.485001,3.187,41.328999
MCHENRY:ALG 38,28.668137,16.841032,27.448921,7.1215997,6.4012747,3.8459275,9.6729546,51.615002,44.986,3.3989999
MCHENRY:ALG 63,29.036604,16.687675,28.19636,6.8483605,6.3254671,3.5087023,9.396925,50.548,46.612999,2.839
MCHENRY:ALG 17,28.666393,17.065508,27.672916,6.8236861,6.6331062,3.5557868,9.5830564,50.722,45.799999,3.4779999
LAKE:ELA 81,28.844618,16.643984,27.89286,6.9617682,6.3317852,3.7092967,9.6156883,51.018002,45.978001,3.0039999
MCHENRY:ALG 29,28.354786,17.874767,26.315115,7.1180482,6.8916717,3.8342223,9.611515,53.852001,40.866001,5.2820001
MCHENRY:ALG 10,28.594118,17.523453,26.9389,6.8732429,6.7538199,3.7307291,9.5857201,52.866001,42.653999,4.48
MCHENRY:ALG 43,28.604214,17.285187,27.393412,7.0242991,6.6229897,3.5859606,9.4839716,51.348999,44.764999,3.8859999
LAKE:VERNON 289,37.083046,20.969021,19.099567,9.3451977,5.1233754,4.0585709,4.3214111,93.640999,3.3080001,3.0510001
MCHENRY:ALG 37,29.00469,16.395485,28.102762,7.05937,6.1259937,3.7602289,9.5517883,51.049999,46.338001,2.612
LAKE:VERNON 275,37.999348,19.961203,19.672592,9.4376287,4.5163727,4.2402773,4.172575,95.095001,3.085,1.8200001
MCHENRY:ALG 46,28.766918,16.884239,27.993027,6.8593125,6.4995117,3.4960127,9.500967,50.283001,46.576,3.141
MCHENRY:ALG 33,28.963644,16.38829,28.255898,6.8658915,6.2447395,3.6692648,9.6123228,50.115002,47.237,2.648
MCHENRY:ALG 34,28.782045,16.929541,27.908749,6.7558002,6.5463853,3.5261147,9.5514841,50.494999,46.203999,3.3010001
MCHENRY:ALG 31,28.634281,17.379213,27.148304,6.8850598,6.7016044,3.6865401,9.5651789,52.354,43.618999,4.027
LAKE:WAUCONDA 346,28.626862,17.481174,27.348698,6.8741317,6.7516327,3.4971437,9.4202328,51.436001,44.374001,4.1900001
MCHENRY:ALG 6,28.905184,17.040684,27.221024,6.9805431,6.4020338,3.871743,9.5790691,53.397999,43.044998,3.5569999
MCHENRY:ALG 23,29.186104,16.431477,28.332487,6.7051425,6.2079244,3.6236191,9.513381,50.77,46.714001,2.516
MCHENRY:ALG 40,28.479933,17.42189,26.921659,7.1025486,6.6771708,3.7802491,9.6165037,52.499001,43.153,4.348
LAKE:VERNON 270,36.539047,20.769382,20.131298,9.2032614,5.2578416,3.6707249,4.4284387,92.087997,4.6659999,3.2460001
MCHENRY:ALG 16,28.892817,16.930653,27.705931,6.9048691,6.4098377,3.6614561,9.4946508,51.731998,44.971001,3.2969999
MCHENRY:ALG 25,28.734005,17.346867,26.922613,6.9266191,6.5872607,3.8688567,9.6134834,53.666,42.216,4.118
MCHENRY:ALG 2,37.427525,21.029758,18.644476,9.3146229,5.0036173,4.305511,4.2744513,94.441002,2.734,2.825
LAKE:CUBA 69,29.342636,15.786061,29.38479,6.7183647,5.9519191,3.4137175,9.4024258,47.523998,50.689999,1.786
LAKE:CUBA 68,37.481113,20.170916,20.082899,9.2084417,4.7722845,4.0018497,4.2821794,94.149002,3.723,2.128
MCHENRY:ALG 9,37.591537,20.148369,19.973368,9.1474056,4.6577287,4.1761937,4.3050852,94.115997,3.7880001,2.096
MCHENRY:ALG 30,28.431126,17.940258,26.14143,7.0946693,6.8654742,3.9201744,9.6068926,54.633999,39.970001,5.3959999
MCHENRY:ALG 50,28.681923,17.239038,27.282011,7.0605621,6.5491991,3.6913652,9.4959183,52.145,44.007,3.848
MCHENRY:ALG 27,28.685184,17.136894,27.589737,6.7385921,6.6622701,3.5870047,9.6000118,50.971001,45.361,3.668
MCHENRY:ALG 35,28.616016,17.220398,27.366564,6.9280763,6.6565685,3.6364264,9.5759859,51.576,44.554001,3.8699999
MCHENRY:ALG 26,28.3354,18.131918,26.200233,6.7811837,7.1202416,3.7594185,9.671319,53.764,40.459,5.777
MCHENRY:ALG 19,29.030693,16.652998,28.089136,6.8065271,6.3110127,3.6171861,9.492444,50.898998,46.265999,2.835
MCHENRY:ALG 53,28.726768,16.574852,28.274214,6.9821577,6.3882561,3.4992065,9.5545588,48.993,48.155998,2.8510001
MCHENRY:ALG 28,37.397655,20.836132,18.790993,9.4762201,4.8604732,4.364295,4.2739367,94.420998,2.8629999,2.7160001
LAKE:FREMONT 118,28.695366,16.789928,28.161877,6.8651848,6.5373855,3.4302499,9.5200624,49.083,47.841999,3.075
LAKE:ELA 82,37.548492,20.52951,19.122629,9.5387297,4.7621799,4.2711215,4.2270255,94.603996,2.9949999,2.401
LAKE:CUBA 66,28.548996,16.675133,27.94614,7.1523008,6.4242525,3.6205535,9.6328115,49.403999,47.471001,3.125
MCHENRY:ALG 8,37.59774,20.176815,19.875698,9.2264252,4.657589,4.1795497,4.2863626,94.244003,3.655,2.1010001
MCHENRY:ALG 36,29.178604,16.816292,27.374737,6.9815993,6.1778073,3.9652672,9.5057802,54.257,42.646,3.0969999
LAKE:ELA 87,29.261381,15.945408,28.821909,6.9901214,5.9080715,3.6241891,9.4486876,49.337002,48.613998,2.049
LAKE:VERNON 288,37.447594,20.828827,18.71117,9.5292749,4.847919,4.3816495,4.2535272,94.433998,2.816,2.75
LAKE:ELA 90,29.183052,16.059362,28.826365,6.9170041,6.0273829,3.543925,9.4428549,48.928001,48.944,2.128
LAKE:CUBA 67,29.070393,15.991751,28.982176,6.7445483,6.1380572,3.4842405,9.5889158,47.883999,50.087002,2.029
MCHENRY:ALG 3,38.079136,20.614899,18.734449,9.2101908,4.7380853,4.4325743,4.1905794,95.375,2.4059999,2.2190001
MCHENRY:ALG 62,29.06617,16.489988,28.392578,6.8520021,6.2313385,3.5339892,9.433919,49.970001,47.428001,2.602
MCHENRY:ALG 47,28.826565,16.708906,28.074715,6.8734665,6.4228826,3.549247,9.5444193,50.132999,46.858002,3.0090001
MCHENRY:ALG 4,37.254498,21.246403,18.427166,9.3552704,5.073175,4.3311372,4.3121138,94.086998,2.652,3.2609999
MCHENRY:ALG 58,28.933683,16.808596,27.902262,6.9472184,6.3329186,3.6184294,9.456749,51.166,45.693001,3.141
MCHENRY:ALG 7,28.737904,17.347609,26.862701,6.905139,6.6129985,3.8867781,9.6469603,53.691002,42.129002,4.1799998
MCHENRY:ALG 59,28.489166,17.535095,26.791029,7.2632189,6.6407104,3.7734151,9.5075016,52.957001,42.442001,4.6009998
LAKE:VERNON 290,37.498676,20.030842,20.304096,9.1436052,4.6505928,4.0663476,4.3064666,93.985001,3.9909999,2.0239999
MCHENRY:ALG 51,28.698673,17.123556,27.623434,7.0142689,6.5453258,3.5475411,9.4475965,50.882999,45.495998,3.6210001
MCHENRY:ALG 11,29.033007,15.950158,28.751627,6.9543185,6.0448427,3.6469436,9.6193027,48.665001,49.202,2.1329999
MCHENRY:ALG 57,28.482212,17.197681,27.449402,6.9301648,6.7182956,3.5874283,9.6345987,50.659,45.443001,3.898
LAKE:CUBA 71,37.534077,19.438782,21.384222,8.9565563,4.5284925,3.8215899,4.3366051,93.259003,5.0549998,1.686
MCHENRY:ALG 41,28.775402,17.029457,27.79822,6.7552757,6.5776825,3.5326898,9.5314941,50.778,45.821999,3.4000001
LAKE:ELA 83,29.295799,15.909346,28.929649,6.9112425,5.9198689,3.5916839,9.4424753,48.999001,48.998001,2.003
MCHENRY:ALG 5,37.166565,21.064388,18.981592,9.2272892,5.17871,4.0653496,4.3160014,93.754997,3.1500001,3.095
LAKE:VERNON 283,37.39772,20.569605,19.307262,9.3859653,4.7927232,4.2543497,4.2922673,94.330002,3.174,2.4960001
MCHENRY:ALG 21,28.606195,17.259325,27.47555,6.9794226,6.6424088,3.5535948,9.4834633,51.143002,45.042999,3.8139999
MCHENRY:ALG 12,28.333191,17.303797,27.242847,7.229332,6.6856651,3.6180832,9.5869217,50.617001,45.141998,4.2410002
MCHENRY:ALG 52,37.199329,21.150143,18.595013,9.4773178,5.1004252,4.2077885,4.2701378,93.945999,2.8139999,3.24
LAKE:ELA 80,28.989725,16.529648,28.175501,6.8624859,6.2846522,3.6208532,9.5371609,50.396,46.863998,2.74
MCHENRY:ALG 56,28.483795,17.232956,27.418201,6.9234266,6.7223997,3.5816693,9.6374722,50.875,45.216999,3.908
MCHENRY:ALG 48,28.863111,17.205698,27.193531,6.9952106,6.4653106,3.7943137,9.4831495,53.134998,43.021999,3.8429999
MCHENRY:ALG 55,37.223339,20.576721,19.517847,9.35777,4.8613348,4.1398873,4.3232908,93.829002,3.5320001,2.6389999
MCHENRY:ALG 18,28.725065,17.57897,26.797859,6.9970365,6.637013,3.7856054,9.4785814,53.754002,41.778,4.4679999
MCHENRY:ALG 60,28.732328,16.717176,28.149212,6.9542809,6.4465518,3.4881716,9.5124865,49.428001,47.535,3.0369999
MCHENRY:ALG 39,29.222475,16.573429,27.700069,6.9863076,6.0829582,3.9250124,9.5099726,53.145,44.007,2.848
LAKE:CUBA 70,30.405201,14.330976,31.723833,5.9912567,5.3422627,3.0414436,9.1651592,43.178001,56.183998,.63800001
MCHENRY:ALG 32,28.843126,16.79121,28.21191,6.66886,6.5304756,3.426023,9.5281973,49.612999,47.346001,3.0409999
LAKE:WAUCONDA 354,28.482077,17.512928,27.36832,6.8846622,6.835041,3.4405656,9.4764547,50.826,44.931999,4.243
LAKE:VERNON 276,37.642532,20.260715,19.554867,9.4503918,4.6829357,4.1879621,4.2202287,94.640999,3.171,2.188
MCHENRY:ALG 22,29.112684,16.641773,27.985647,6.9729962,6.1736236,3.6978381,9.4155951,51.707001,45.478001,2.8150001
MCHENRY:ALG 14,28.959864,16.538815,27.982298,6.9099617,6.260591,3.7463551,9.6022243,50.905998,46.23,2.8640001
LAKE:FREMONT 115,29.455307,15.861657,29.152617,6.6722679,5.9203057,3.5232027,9.414547,48.867001,49.283001,1.85
MCHENRY:ALG 54,28.678289,17.498598,27.074589,6.9888692,6.6658053,3.6517303,9.4421549,52.518002,43.113998,4.368
LAKE:WAUCONDA 347,28.521048,17.65044,27.208118,6.8884344,6.8652806,3.4534118,9.4133615,51.344002,44.223,4.4330001
MCHENRY:ALG 49,28.651941,17.147074,27.661789,6.999249,6.5802941,3.5160234,9.4437733,50.625,45.724998,3.6500001
MCHENRY:ALG 42,28.794846,17.154325,27.375816,7.0091286,6.4629426,3.7179894,9.4845982,52.279999,44.066002,3.654
LAKE:WAUCONDA 353,28.234015,18.023195,26.905754,6.9204659,7.0934772,3.3843758,9.4389887,50.987999,43.699001,5.3130002
COOK:7507003,32.539474,30.354979,11.367057,9.7791243,8.6313524,3.5386887,3.7891111,58.869999,.428,40.702
COOK:9600016,28.811167,17.161993,27.115124,7.1276007,6.4088669,3.8623159,9.5130463,53.353001,42.861,3.786
COOK:9600077,28.229828,18.285879,25.624086,7.1553383,7.0296264,3.9946187,9.68085,55.236,38.384998,6.3790002
CITY OF CHICAGO:WARD 50 PRECINCT 18,28.730953,17.948624,27.512775,6.3969522,6.0221,3.8551068,9.5335064,51.092999,44.382999,4.5240002
CITY OF CHICAGO:WARD 49 PRECINCT 06,26.007259,36.952915,12.207559,9.6159296,7.5581231,3.8248014,3.8334939,9.9840002,.37099999,89.646004
CITY OF CHICAGO:WARD 50 PRECINCT 27,30.049648,15.687812,29.65262,6.4688773,5.6744795,3.3836064,9.0828838,49.480999,49.033001,1.4859999
CITY OF CHICAGO:WARD 50 PRECINCT 25,37.750565,19.933809,20.393156,8.9768276,4.6988025,3.9711149,4.275598,94.165001,3.9590001,1.876
COOK:7501001,32.483826,30.24935,11.463141,9.6370497,8.7646084,3.4905937,3.9111962,58.984001,.46000001,40.556
CITY OF CHICAGO:WARD 50 PRECINCT 14,28.708103,18.040861,27.435455,6.4048805,6.0192122,3.86955,9.5220718,51.178001,44.137001,4.6849999
CITY OF CHICAGO:WARD 50 PRECINCT 16,30.028042,15.686753,29.69132,6.4425368,5.6828318,3.375484,9.0931854,49.370998,49.209,1.42
COOK:8000076,26.088303,14.483515,35.96085,6.2572083,5.4843802,3.3000088,8.4260378,14.669,84.723999,.60699999
COOK:8200027,37.049999,21.159529,18.793232,9.4371605,5.1710439,4.0967922,4.2920895,93.591003,3.122,3.2869999
COOK:8200062,37.479622,19.946611,20.333961,9.1427794,4.5334349,4.2083855,4.3550282,93.855003,4.1599998,1.985
COOK:8000011,29.302721,16.326853,28.073343,6.8550525,6.0393519,3.8605766,9.5420599,52.250999,45.257999,2.4909999
COOK:8300033,24.175018,13.258363,32.594025,5.6781192,4.9328303,3.1859834,16.1758,18.188999,80.809998,1.001
COOK:9600080,28.700729,17.201309,26.961485,7.0723133,6.5156527,3.9042418,9.6439667,53.514,42.536999,3.9489999
CITY OF CHICAGO:WARD 50 PRECINCT 26,28.984964,16.396097,28.124155,6.9098072,6.2158885,3.7446525,9.6246662,50.700001,46.624001,2.6760001
COOK:9600006,36.814003,21.212605,18.667789,9.6857824,5.1578984,4.1424723,4.3192396,93.375999,3.0480001,3.576
COOK:9600063,29.241785,16.709406,28.086765,6.8361526,6.2012668,3.6021957,9.3224106,51.713001,45.426998,2.8599999
COOK:9600067,29.647211,15.914578,28.684525,6.6693535,5.8165984,3.8035643,9.4641743,51.618999,46.448002,1.933
COOK:8000073,30.16943,15.725554,29.584005,6.4494543,5.6184959,3.4246092,9.0284014,50.237,48.299999,1.4630001
COOK:8200011,34.776276,18.683147,25.803883,8.4433451,4.4572701,3.8598912,3.9763942,79.505997,18.51,1.984
COOK:8200012,43.189285,18.834888,16.914677,8.5144997,4.8608923,3.7380943,3.9478788,99.380997,.35499999,.264
COOK:8300039,36.197975,18.798992,19.897572,8.4301624,4.3851404,3.8786149,8.4115791,93.138,4.836,2.026
COOK:8200030,29.412279,16.559105,28.084784,6.8811069,6.0428929,3.7177353,9.3021498,52.609001,44.841999,2.549
COOK:8200025,37.235016,20.96788,18.845724,9.3926105,4.9948339,4.2622128,4.3014631,94.033997,3.0020001,2.964
COOK:8000031,26.059313,14.881618,35.5522,6.1032605,5.6895237,3.2721093,8.4417019,15.463,83.797997,.73900002
COOK:8000051,28.285696,17.253696,27.523771,6.7721548,6.932054,3.4800541,9.7521763,49.543999,46.455002,4.0009999
CITY OF CHICAGO:WARD 50 PRECINCT 12,28.710014,15.55142,29.077511,6.2153397,6.4383965,3.6891637,10.318386,46.271,51.798,1.931
COOK:9600017,29.038292,17.229412,26.737232,7.0838547,6.3193312,4.0805044,9.5115671,55.623001,40.555,3.822
CITY OF CHICAGO:WARD 50 PRECINCT 19,37.649101,20.704618,18.794212,9.4622431,4.7898436,4.3741312,4.2254901,94.750999,2.7379999,2.5109999
COOK:8300057,33.274742,18.018133,24.779322,8.0356722,4.3656049,3.7275155,7.7989783,77.75,19.679001,2.5710001
COOK:8000040,29.285807,15.96355,29.145967,6.6955247,6.0432835,3.4325683,9.4332123,48.286999,49.808998,1.904
COOK:8200048,28.66218,17.136698,27.616125,6.7721272,6.6658773,3.5660689,9.5809269,50.883999,45.523998,3.592
COOK:8200004,29.551693,15.655554,29.365631,6.3525167,5.9748483,3.530174,9.5694027,48.494999,49.856998,1.648
COOK:8000074,34.481358,19.140713,25.316923,8.5212984,4.6719985,3.8399959,4.0277367,79.565002,17.888,2.5469999
COOK:9600072,36.748158,21.761827,17.928698,9.6327858,5.3996792,4.2178912,4.3113203,93.268997,2.5710001,4.1599998
CITY OF CHICAGO:WARD 50 PRECINCT 09,30.028139,15.691952,29.671202,6.4520316,5.6847053,3.3719521,9.1001768,49.436001,49.123001,1.441
COOK:8200008,30.595869,27.707706,16.915844,10.289639,6.0693173,4.4011569,4.0204344,59.652,4.3260002,36.021999
COOK:8200032,37.463005,19.765764,20.84952,9.0043192,4.6184239,3.9551682,4.3438764,93.518997,4.6149998,1.8660001
COOK:8200005,30.092215,14.754744,30.767597,6.0738149,5.5524969,3.321085,9.4380932,45.449001,53.675999,.875
COOK:8000083,29.510122,16.217865,28.524851,6.9887934,5.8413277,3.6708624,9.2461777,51.554001,46.224998,2.221
COOK:8000063,26.594555,15.086661,34.866631,6.255671,5.4325995,3.5459869,8.2181463,18.743999,80.389999,.866
COOK:8300005,23.612574,13.236721,32.502609,5.5101452,5.2406712,3.0830278,16.814316,16.921,82.019997,1.059
COOK:8200036,30.115324,28.846306,15.149589,10.461987,6.5768175,4.714376,4.1355667,53.511002,2.6489999,43.84
COOK:8200052,29.558445,15.810073,29.183153,6.664259,5.8719611,3.5325716,9.3793421,49.27,49.006001,1.724
COOK:8200054,37.699665,20.179087,19.596252,9.2724323,4.5205216,4.4376049,4.2941728,94.600998,3.3050001,2.0940001
COOK:8000020,37.549194,20.345098,19.75872,9.2241774,4.8191438,4.0430751,4.2603974,94.269997,3.4530001,2.277
COOK:8200051,28.734032,16.743044,27.834841,6.8000093,6.5077362,3.6689322,9.7115936,50.73,46.181,3.089
COOK:9600043,28.725342,18.654758,25.524731,6.9718747,6.9518433,3.9000111,9.2713308,57.257,36.136002,6.6069999
CITY OF CHICAGO:WARD 50 PRECINCT 17,37.980362,20.663506,18.674246,9.3302135,4.766665,4.3994374,4.1853547,95.336998,2.369,2.2939999
COOK:8000069,26.129124,14.548859,36.138756,5.9973345,5.5850844,3.1842122,8.4165792,14.375,85.061996,.56300002
COOK:8300009,36.253983,18.979494,19.211544,8.94345,4.3347392,4.0570045,8.219264,93.625999,4.1830001,2.191
COOK:8000044,34.950184,18.64645,25.274441,8.9229889,4.3205075,3.9954572,3.8896439,81.512001,16.441999,2.046
COOK:9600079,37.285603,21.310965,18.063576,9.5195732,4.9629245,4.5650139,4.292243,94.279999,2.4159999,3.3039999
COOK:9600056,29.797924,15.730906,28.911551,6.6270194,5.7126298,3.7913873,9.4280949,51.096001,47.139999,1.7640001
COOK:8000075,29.405518,16.124752,28.712902,6.7831712,5.9888296,3.5909007,9.394186,50.213001,47.612999,2.174
COOK:8000046,29.323145,16.683487,28.089018,6.7542925,6.1760163,3.6341805,9.3399105,52.075001,45.215,2.71
COOK:8000058,29.543148,16.364939,28.531965,6.6938124,6.0191226,3.5794911,9.267374,51.57,46.102001,2.3280001
COOK:8200022,36.95359,21.229467,18.754871,9.3519793,5.1740112,4.180656,4.355422,93.454002,3.069,3.477
COOK:8300010,33.393559,17.287024,25.714417,8.1248922,4.0555229,3.7276251,7.6968565,75.990997,22.165001,1.844
COOK:7502005,36.010208,25.027927,15.6115,9.6037569,5.8161922,4.0622807,3.8675473,88.186996,1.4630001,10.35
COOK:9600068,36.855309,21.410913,18.472717,9.4388742,5.2282124,4.2309918,4.3630228,93.372002,2.9400001,3.688
COOK:8000055,29.015547,17.181955,27.247522,7.0945573,6.3318663,3.7806091,9.3475809,53.625999,42.855,3.5190001
COOK:8000059,28.147573,17.790188,26.836079,7.0698218,7.0093403,3.5415459,9.6054258,50.868,43.988998,5.1430001
COOK:8000015,29.226261,16.790743,27.632378,6.9260359,6.1804233,3.8307464,9.4133549,53.154999,43.754002,3.0910001
COOK:8300004,33.509525,17.602497,25.260469,8.1394501,4.2189527,3.6487236,7.6203761,77.484001,20.474001,2.0420001
COOK:7508003,35.420609,26.344175,13.841438,9.9610462,6.2230906,4.3555026,3.8538899,84.043999,.86500001,15.091
COOK:8300049,33.422085,17.940998,24.622108,8.2786083,4.292675,3.7721632,7.6715107,78.807999,18.790001,2.402
COOK:8200047,37.549294,20.492342,19.735563,9.0185156,4.9726191,3.9528568,4.278995,94.169998,3.4330001,2.3970001
COOK:8300038,33.356289,17.886511,24.855133,8.1768236,4.3053384,3.7100115,7.7097583,77.963997,19.641001,2.395
COOK:9600053,37.169052,20.698309,19.499342,9.2235384,4.977838,4.0881205,4.3435283,93.691002,3.5780001,2.7309999
COOK:8000039,28.660215,17.419163,27.314949,6.9397678,6.6754441,3.5691054,9.4213648,51.890999,44.097,4.0120001
COOK:8300024,33.581505,17.675955,24.938965,8.3023577,4.1976361,3.7385561,7.5648837,78.501999,19.333,2.165
COOK:8200020,36.830616,20.72193,19.564245,9.4320917,4.9283814,4.1302156,4.3926673,93.030998,3.9070001,3.062
COOK:8300048,33.67577,16.999954,26.046782,8.0748062,3.9686718,3.6658888,7.5679517,76.123001,22.320999,1.556
CITY OF CHICAGO:WARD 50 PRECINCT 20,37.996288,21.471039,17.319672,9.5426683,5.1248684,4.4636703,4.0820665,95.463997,1.649,2.8870001
COOK:9600058,37.8876,20.265638,19.256369,9.4158068,4.5894842,4.3834805,4.2012744,95.036003,2.921,2.043
COOK:8300023,33.146057,16.974449,26.61097,7.9631147,4.0439076,3.5002635,7.7613082,72.579002,25.843,1.5779999
COOK:8000043,29.023205,15.872287,28.667408,6.8018827,6.0883365,3.7466764,9.8000813,49.008999,48.778,2.2130001
COOK:8100018,29.673008,25.391676,17.925989,9.4407625,5.6253409,3.9072058,8.0357809,63.337002,7.6139998,29.049
COOK:8000052,34.462635,18.572075,26.292341,8.4380178,4.4860883,3.7310026,4.0182934,77.212997,20.735001,2.052
COOK:8200010,29.327267,15.59038,29.196274,6.5800805,5.9539185,3.6485023,9.7039165,48.148998,50.209999,1.641
COOK:8300013,33.494598,18.193624,23.959785,8.4040651,4.2790747,3.9819396,7.687098,80.473,16.851,2.6760001
COOK:8200045,30.459414,27.335428,17.69253,10.075641,6.2091465,4.0916333,4.1364722,59.856998,5.5159998,34.626999
CITY OF CHICAGO:WARD 48 PRECINCT 17,30.217346,28.131729,16.900709,10.020885,6.0514932,4.4273081,4.250607,56.112999,4.401,39.486
COOK:8300044,27.513699,24.388937,22.009563,9.1600428,5.4527726,3.9636269,7.5115671,50.466999,21.313,28.219999
COOK:8300025,33.484226,18.16642,24.324852,8.1706085,4.4117327,3.7663648,7.6757941,79.825996,17.665001,2.5090001
COOK:9600051,29.288176,16.362064,28.685452,6.6490288,6.1712871,3.4662292,9.3777285,49.902,47.757,2.3410001
COOK:7504001,34.876747,26.745352,13.887921,9.8065929,6.6842494,4.0672445,3.9317441,81.269997,.96200001,17.768
COOK:8200026,29.054686,16.338583,28.48749,6.7290812,6.2614698,3.5701036,9.5585155,49.561001,47.972,2.467
COOK:9600048,37.609997,20.298069,19.751102,9.0991783,4.7054267,4.2248831,4.3118787,94.405998,3.348,2.2460001
COOK:8300027,33.147038,18.038647,25.020443,7.9488454,4.4804521,3.561197,7.8028545,76.718002,20.716,2.566
COOK:9600038,37.107147,20.471121,20.00975,9.0997019,4.9119744,4.0151019,4.3850579,93.351997,4.0450001,2.6029999
COOK:8200055,30.052597,28.439362,16.037046,10.59467,6.4175863,4.4240141,4.0348954,54.608002,3.5469999,41.845001
COOK:8200013,28.898714,16.75474,28.056398,6.9496355,6.3557701,3.5475352,9.4370852,50.476002,46.514,3.01
COOK:8000032,29.310863,15.940919,28.975885,6.7390156,6.0017881,3.5550849,9.4762745,48.956001,49.02,2.0239999
COOK:7508002,34.426998,27.475143,13.577167,9.6608601,7.1042132,3.8603966,3.8950369,77.641998,.87099999,21.487
COOK:8300035,33.246113,18.000191,24.629265,8.332406,4.3339443,3.741848,7.7162824,77.944,19.405001,2.651
COOK:8200002,29.128216,16.361362,28.785673,6.7651715,6.2107625,3.3954396,9.3532038,48.938,48.712002,2.3499999
COOK:7504003,33.715378,28.126373,13.151166,9.3237658,7.8932672,3.6385336,4.1519241,72.717003,.87099999,26.412001
COOK:9600011,29.283529,15.956018,29.474337,6.6006384,6.1096048,3.2314756,9.3441525,47.049,51.098999,1.852
COOK:9600075,37.875061,20.013302,19.862261,9.1277285,4.4853697,4.3585148,4.2775221,94.742996,3.3789999,1.878
COOK:8200037,37.00145,21.204144,18.71707,9.399229,5.1524868,4.1869874,4.3381219,93.524002,3.0510001,3.425
COOK:7504005,35.578915,25.536448,15.047345,9.806571,6.0521317,4.0881219,3.8904207,85.995003,1.347,12.658
COOK:8200043,28.890923,16.55267,28.105824,6.7948546,6.3588219,3.6602507,9.6365013,50.150002,47.028,2.822
COOK:8300041,33.627884,17.086956,26.003855,8.0414209,3.994693,3.6512015,7.5936475,76.007004,22.372,1.6210001
COOK:8100034,33.460598,17.09692,26.055651,8.099968,4.0185814,3.6339905,7.6342373,75.338997,22.973,1.688
COOK:7504007,35.489162,25.632748,15.305642,9.2429676,6.428021,3.8441472,4.0572472,85.464996,1.403,13.132
CITY OF CHICAGO:WARD 50 PRECINCT 23,28.230442,17.222717,27.332663,6.7122173,6.9552255,3.6274199,9.9194193,50.047001,45.866001,4.0869999
COOK:8200042,36.984844,20.92181,19.10535,9.3202324,4.926641,4.3303938,4.4107485,93.536003,3.3340001,3.1300001
COOK:8200009,30.792257,14.107889,32.172897,5.6893711,5.2222495,2.9633689,9.0519333,42.938,56.554001,.50800002
COOK:9600066,37.18557,20.772476,19.372375,9.3034639,5.0451274,4.0175061,4.3035746,93.787003,3.467,2.7460001
COOK:8200029,38.197941,18.827532,22.261574,8.2980957,4.3376994,3.7398548,4.3374934,93.501999,5.3530002,1.145
COOK:9600054,29.680719,15.725759,29.588226,6.4739876,5.875206,3.3584478,9.2979603,48.317001,50.119999,1.563
COOK:9600047,29.106125,16.592203,28.043736,6.8243775,6.245111,3.6860144,9.502593,51.491001,45.759998,2.7490001
COOK:8200034,38.150162,19.925386,19.744894,9.3036823,4.5077648,4.2216158,4.1464491,95.242996,3.066,1.691
COOK:8200024,37.150055,20.900784,18.970837,9.5234041,5.0084834,4.163702,4.2829103,93.928001,3.099,2.973
COOK:8300045,33.45845,17.911913,24.614361,8.307291,4.263381,3.7880785,7.6563001,78.933998,18.649,2.4170001
COOK:9600012,29.311348,16.569435,28.142206,6.7858667,6.1405859,3.6734502,9.3772459,51.933998,45.441002,2.625
COOK:8200061,37.012749,20.917019,19.361872,9.1699972,5.0812874,4.0728579,4.384099,93.373001,3.576,3.0510001
COOK:8300042,33.341866,17.104485,26.543226,7.6440492,4.163065,3.4379601,7.76511,73.237999,25.055,1.707
COOK:8200057,37.601738,20.33655,19.571115,9.273531,4.6989703,4.2465019,4.2714953,94.455002,3.296,2.2490001
COOK:8300020,27.620687,23.319078,24.05744,8.4393978,5.3358841,3.5604725,7.6672325,49.319,29.375,21.306
COOK:8200050,34.793835,18.138838,26.625469,8.4110403,4.2534447,3.8099904,3.9672692,77.596001,20.774,1.63
CITY OF CHICAGO:WARD 50 PRECINCT 10,29.18523,15.874265,28.68478,6.6099601,6.0929012,3.7632184,9.7896795,49.543999,48.403999,2.052
COOK:8200046,37.351349,20.278652,20.101828,9.0957689,4.8248625,4.0127645,4.3350167,93.861,3.8180001,2.3210001
COOK:8200058,37.176643,20.434412,20.171221,8.9395981,4.9325161,3.9509647,4.394659,93.348,4.1789999,2.473
COOK:7502002,35.593521,25.623138,15.074567,9.711009,6.094213,4.0333424,3.8702052,85.824997,1.3150001,12.86
COOK:8300043,27.59907,24.055309,22.650875,8.8217468,5.4422321,3.8271489,7.603343,50.365002,23.531,26.104
COOK:8300008,36.046715,18.308769,20.600012,8.6408596,4.2057962,3.7764781,8.4215879,92.393997,5.8649998,1.7410001
COOK:8200023,37.630936,20.650637,19.309088,9.0973692,4.9614801,4.0912528,4.2590423,94.502998,3.0710001,2.4260001
CITY OF CHICAGO:WARD 50 PRECINCT 06,30.184967,27.959328,16.620621,10.288105,6.4243736,4.3343663,4.1882505,56.932999,4.152,38.915001
COOK:8200041,37.161949,20.613775,19.809805,9.0139694,4.9787278,4.0355344,4.3859701,93.569,3.7739999,2.6570001
COOK:9600044,29.322027,16.29707,28.65486,6.7238951,6.0999713,3.5295703,9.3725576,50.098,47.667999,2.234
CITY OF CHICAGO:WARD 48 PRECINCT 20,30.112535,28.343422,16.770159,10.04166,6.0195928,4.4655342,4.2469878,54.938999,4.158,40.903
COOK:7502003,35.644222,25.372257,15.811317,9.2747622,6.2407041,3.7257028,3.9309521,86.453003,1.617,11.93
COOK:8200035,37.74765,20.285023,19.487209,9.3271236,4.6819506,4.2386684,4.2325773,94.739998,3.112,2.148
COOK:8200019,29.17408,15.724937,29.231415,6.6112657,6.0679131,3.5166085,9.6737623,47.591999,50.611,1.7970001
COOK:9600008,37.594193,20.646297,19.119457,9.1990299,4.7781587,4.3643379,4.2978697,94.622002,2.9389999,2.4389999
COOK:8300031,33.590885,18.365131,23.938276,8.2330599,4.4723849,3.7814407,7.6192474,80.805,16.458,2.737
CITY OF CHICAGO:WARD 50 PRECINCT 21,36.300827,22.775446,17.801165,9.3931303,5.2804332,4.1766667,4.272388,91.333,2.724,5.9429998
COOK:8200033,37.478409,20.68679,19.052109,9.3915215,4.8457999,4.2826061,4.26296,94.485001,2.8970001,2.618
COOK:9600065,29.439665,15.69891,29.049234,6.7965407,5.8301754,3.6692286,9.5163469,49.327999,48.959,1.7130001
COOK:7509001,35.148972,26.394478,14.207139,9.7652006,6.4641461,4.1029634,3.9169016,82.941002,1.0549999,16.004
COOK:7505003,35.39019,26.272566,14.269298,9.7550592,6.3006225,4.1621046,3.8500841,83.906998,1.034,15.059
COOK:8200007,34.637367,19.075596,25.327261,8.5098095,4.6619706,3.7942498,3.9939594,80.175003,17.398001,2.427
COOK:8300053,33.525005,17.057146,26.176556,7.9620824,4.0164342,3.6059904,7.6565228,75.190002,23.236,1.574
CITY OF CHICAGO:WARD 48 PRECINCT 09,29.59963,29.732252,15.972764,9.8619881,6.3538508,4.3358674,4.1433468,46.832001,3.1589999,50.008999
COOK:9600040,29.090172,16.184971,28.600288,6.7613292,6.1788597,3.6041064,9.580617,49.349998,48.339001,2.3110001
COOK:8200039,37.505909,20.344273,19.679379,9.3096323,4.7836866,4.1071711,4.2698212,94.336998,3.4100001,2.253
COOK:8300006,33.604332,17.326586,25.448647,8.2099104,4.0214677,3.7814238,7.6073961,77.513,20.695999,1.791
COOK:8200015,37.453789,21.04409,18.821657,9.2005701,5.1742506,4.0643978,4.2411571,94.294998,2.842,2.8629999
COOK:8200044,37.308456,20.640137,19.399595,9.2409019,4.8414135,4.2346992,4.3349752,93.978996,3.365,2.6559999
CITY OF CHICAGO:WARD 48 PRECINCT 02,27.397108,34.094414,13.444121,9.6804686,7.6356883,3.8254168,3.923069,21.158001,.94499999,77.897003
COOK:9600046,29.55205,15.780725,29.261152,6.6723948,5.8500037,3.5192142,9.3645411,49.049999,49.202,1.748
COOK:8000072,29.26247,16.198729,28.684046,6.7079625,6.1179886,3.5633557,9.4653835,49.810001,47.966,2.224
COOK:8200014,37.573242,20.248959,19.759775,9.2474861,4.6932778,4.189651,4.2875667,94.322998,3.503,2.174
COOK:7504002,34.958012,26.496723,14.204621,9.7639303,6.6045737,4.0147967,3.9573343,82.144997,1.073,16.782
COOK:8100032,29.055685,26.968584,15.85753,10.33705,5.9211192,4.2556071,7.6046219,56.191002,4.4910002,39.318001
COOK:8300052,27.679075,23.056883,24.367373,8.5504303,5.1890869,3.5648253,7.5923138,49.290001,30.916,19.794001
COOK:9600061,29.634962,15.928964,28.950424,6.729588,5.8102679,3.6234396,9.3221893,50.313,47.818001,1.869
CITY OF CHICAGO:WARD 40 PRECINCT 05,29.687101,28.903786,15.458513,10.617285,6.7982788,4.3992219,4.1356831,51.236,3.05,45.714001
COOK:8100003,29.500652,25.745012,17.375513,9.591198,5.7398815,4.0023699,8.0452433,61.824001,6.684,31.492001
COOK:9600070,36.993668,20.806395,19.563765,9.159687,5.0517182,4.0391631,4.3857126,93.279999,3.7479999,2.9719999
COOK:9600060,37.583389,19.687187,20.709751,9.0720844,4.4358521,4.1554322,4.3562379,93.882004,4.3390002,1.779
COOK:8300037,36.080643,19.231741,18.856068,9.0363712,4.3890724,4.134346,8.2719364,93.650002,3.9790001,2.3710001
COOK:9600021,29.283308,15.797593,29.100262,6.7660193,5.9507055,3.5671027,9.5349407,48.619999,49.549999,1.83
COOK:8200003,34.766155,18.453199,26.123409,8.4758539,4.3551583,3.8475826,3.9785378,78.648003,19.48,1.872
CITY OF CHICAGO:WARD 48 PRECINCT 29,30.590479,26.953093,18.066555,9.7975941,6.2316723,4.0635896,4.296834,61.681999,6.073,32.244999
COOK:8100017,29.411562,26.072954,16.974281,9.7499466,5.7823634,4.0748715,7.9341226,60.564999,6.0479999,33.387001
COOK:8000029,29.563656,16.222525,28.637293,6.7013636,5.9440079,3.6246464,9.3063889,51.196999,46.581001,2.2219999
COOK:8200017,37.498394,20.072601,20.360659,9.0614481,4.7577319,3.9480884,4.3004723,93.891998,4.0869999,2.0209999
COOK:8200016,37.021149,20.841228,19.555836,9.1061192,5.1055341,3.9994178,4.3707275,93.196999,3.7290001,3.0739999
CITY OF CHICAGO:WARD 48 PRECINCT 33,30.614561,26.637911,18.657681,9.6511164,6.2136898,3.8947523,4.3303418,62.422001,7.112,30.466
COOK:9600028,29.690512,15.401291,29.771383,6.4465218,5.7662334,3.4619467,9.4620714,47.791,50.792999,1.416
COOK:8200059,37.585739,20.554998,19.121567,9.3851604,4.787374,4.3111095,4.2537851,94.671997,2.967,2.3610001
COOK:8000060,29.010651,16.595184,28.039215,6.9010577,6.2779717,3.6597424,9.5160465,50.931,46.216999,2.852
COOK:8300019,32.602325,18.46697,24.638132,8.1149673,4.720521,3.4911222,7.9661069,75.583,21.035999,3.381
COOK:8200031,37.326916,20.326263,20.216002,8.9695749,4.9488277,3.8741453,4.3382378,93.630997,4.0440001,2.325
COOK:8200006,29.44665,15.649091,29.467062,6.4338198,5.971765,3.4690223,9.5622396,47.735001,50.618999,1.646
COOK:7501003,34.265175,27.501516,13.811276,9.5911579,7.2524056,3.6839511,3.8943195,76.841003,1.033,22.125999
COOK:7509005,34.883408,26.914045,13.430869,9.9071074,6.6692114,4.2487535,3.9467547,80.616997,.85299999,18.530001
COOK:8100013,33.54105,17.109417,25.977753,8.0961943,3.9877384,3.6750267,7.612988,75.757004,22.587,1.656
COOK:9600030,29.428308,15.872407,29.116938,6.7395668,5.9122443,3.5200913,9.4103622,48.827999,49.306,1.8660001
COOK:8300030,27.132679,25.317553,20.999466,9.4713221,5.8037167,3.903517,7.3716068,47.577999,17.735001,34.687
COOK:7505001,34.939087,27.046797,13.576178,9.7182188,6.737823,4.1200647,3.8615878,80.689003,.84500003,18.466
CITY OF CHICAGO:WARD 48 PRECINCT 16,26.744453,36.063972,12.954807,9.4580793,6.7282839,4.1595697,3.8909039,13.756,.56599998,85.678001
COOK:8000008,29.121233,16.3321,28.386959,6.837791,6.1618848,3.6317542,9.5284948,50.296001,47.215,2.4890001
CITY OF CHICAGO:WARD 50 PRECINCT 02,28.981539,16.139301,28.593729,6.584425,6.3066154,3.6160955,9.7781858,48.902,48.77,2.3280001
COOK:8200001,30.274502,14.84669,31.122627,6.0516667,5.5221357,3.0647218,9.117568,44.943001,54.195999,.861
CITY OF CHICAGO:WARD 50 PRECINCT 08,29.722319,29.072216,15.289116,10.537817,6.7616091,4.465786,4.1507554,50.799,2.766,46.435001
COOK:8300056,33.23399,16.65991,27.256281,7.6540704,3.9902759,3.4174535,7.7879791,70.912003,27.746,1.342
COOK:8200028,35.984085,25.049181,15.686587,9.8056278,5.6850667,4.0407677,3.7486422,88.037003,1.4349999,10.528
CITY OF CHICAGO:WARD 40 PRECINCT 04,29.977892,28.435686,16.036163,10.432933,6.5827289,4.3773437,4.157547,54.339001,3.4879999,42.173
CITY OF CHICAGO:WARD 50 PRECINCT 04,36.739578,22.337898,17.808159,9.445756,5.1528263,4.2832499,4.2330461,92.605003,2.4879999,4.9070001
COOK:8100031,29.130234,26.712673,16.079666,10.037333,5.9514031,4.2282457,7.8606343,57.435001,4.7610002,37.804001
COOK:8200040,30.135126,28.121151,16.292042,10.478035,6.3964686,4.4296832,4.1477852,56.147999,3.8559999,39.995998
CITY OF CHICAGO:WARD 48 PRECINCT 26,30.309196,27.751011,16.943602,10.06049,6.3027735,4.3424325,4.2904129,58.192001,4.48,37.327999
CITY OF CHICAGO:WARD 50 PRECINCT 03,28.571058,16.427914,28.02914,6.97932,6.4094591,3.7223604,9.8608351,49.244999,47.830002,2.925
COOK:8100027,35.904835,25.198544,15.560019,9.7741766,5.7652168,4.0290551,3.7679582,87.555,1.419,11.026
COOK:7506002,36.108738,24.637541,16.170122,9.6415014,5.6417809,3.9700024,3.830323,88.739998,1.721,9.5389996
COOK:7506003,36.236286,24.4489,16.395395,9.5854664,5.5593467,3.9471469,3.8274236,89.392998,1.8150001,8.7919998
COOK:8100037,36.54697,23.860455,17.33704,9.1201382,5.522296,3.7151623,3.8979781,90.551003,2.178,7.2709999
COOK:8200056,29.440365,15.518029,29.308285,6.4195781,5.942203,3.6464953,9.7244587,48.32,50.054001,1.626
COOK:7507004,36.222958,24.791801,15.775896,9.6072693,5.6567826,4.1120157,3.8333156,88.921997,1.454,9.6239996
COOK:8200060,37.553276,19.740772,20.842155,8.9540091,4.5952053,3.9714358,4.3433189,93.663002,4.4619999,1.875
COOK:8300007,33.662792,17.222574,25.748507,8.0497417,4.0502448,3.680434,7.5859413,76.745003,21.537001,1.7180001
COOK:8100038,35.964382,25.382833,15.151162,9.7347221,5.8084855,4.1778364,3.780571,87.385002,1.289,11.326
COOK:9600052,37.475693,20.200386,20.237846,8.923605,4.7926507,4.0209637,4.3489957,93.893997,3.9419999,2.164
COOK:9600027,37.053291,20.388197,20.258396,9.0859032,4.9399118,3.8894365,4.385098,93.07,4.3699999,2.5599999
COOK:8100021,29.375845,26.053711,16.955452,9.7873144,5.7915635,4.0814986,7.9544773,60.402,5.9970002,33.601002
CITY OF CHICAGO:WARD 48 PRECINCT 03,23.733635,42.617722,11.380852,8.5079756,6.3647027,3.764431,3.6307435,1.4450001,.050999999,98.503998
COOK:8300021,33.534,17.69972,24.938976,8.2714739,4.2316852,3.7268755,7.5974374,78.386002,19.403,2.211
COOK:8200038,34.524033,18.211168,27.046343,8.1126013,4.3503923,3.7011564,4.054265,75.367996,22.882999,1.749
CITY OF CHICAGO:WARD 48 PRECINCT 27,26.427637,36.268425,12.564672,9.4921703,7.470253,3.8832295,3.8937671,12.436,.456,87.108002
COOK:7503005,35.321831,26.28702,14.06715,9.721468,6.3951602,4.2353892,3.9719269,83.856003,.99000001,15.154
COOK:9600069,37.238319,19.652269,21.783964,8.4851952,4.8406582,3.5543334,4.4452868,92.208,5.9320002,1.86
CITY OF CHICAGO:WARD 48 PRECINCT 08,28.588789,31.215794,15.473073,9.6988029,6.7781878,4.034122,4.2112641,36.52,2.5050001,60.974998
COOK:7505002,32.639259,29.601631,11.919765,9.4719,8.7074871,3.5175996,4.1421371,62.467999,.58099997,36.951
COOK:8100039,33.613476,17.750622,24.774113,8.2100954,4.1589184,3.8536396,7.6394892,79.206001,18.672001,2.122
CITY OF CHICAGO:WARD 48 PRECINCT 05,29.805614,28.630735,17.279036,9.612958,6.4424162,3.963701,4.2656245,52.044998,4.638,43.317001
CITY OF CHICAGO:WARD 50 PRECINCT 13,37.498466,20.94441,18.666716,9.3706961,4.9405336,4.3269749,4.2521734,94.504997,2.724,2.7709999
COOK:8100033,35.954624,25.425699,15.014077,9.7960768,5.7987118,4.2228303,3.7880538,87.353996,1.198,11.448
COOK:8200053,37.660061,20.234894,19.610666,9.1790867,4.5399108,4.4415884,4.3334804,94.536003,3.2950001,2.1689999
COOK:7508004,36.112228,25.052809,15.500492,9.4455671,5.8518457,4.1206961,3.9163342,88.260002,1.39,10.35
CITY OF CHICAGO:WARD 46 PRECINCT 14,23.815775,42.642883,11.152053,8.6449356,6.1665559,3.9655778,3.6121802,1.4809999,.048999999,98.470001
CITY OF CHICAGO:WARD 50 PRECINCT 01,28.834074,16.084318,28.678608,6.5933084,6.359961,3.599719,9.8499498,48.097,49.591999,2.3110001
CITY OF CHICAGO:WARD 48 PRECINCT 22,30.608997,26.656897,18.620228,9.653141,6.2253795,3.8999383,4.3355365,62.563,6.9590001,30.478001
CITY OF CHICAGO:WARD 40 PRECINCT 06,29.902836,28.579514,15.920895,10.37462,6.68818,4.3568196,4.1771255,53.338001,3.461,43.201
CITY OF CHICAGO:WARD 46 PRECINCT 22,27.462914,34.196171,13.750476,9.6334448,6.804132,4.1501522,4.0028014,21.113001,.98000002,77.906998
COOK:7501002,33.633526,28.355797,13.067099,9.4127636,7.8966656,3.5989888,4.0350766,71.514999,.80699998,27.677999
CITY OF CHICAGO:WARD 48 PRECINCT 32,27.260929,34.524574,13.853982,9.5439558,6.6876779,4.1046996,4.0240149,19.528999,.98299998,79.487999
COOK:7503001,35.198586,26.366936,14.193968,9.6972656,6.4871321,4.108201,3.9477634,83.156998,1.005,15.838
COOK:7508005,35.806889,25.576525,15.020273,9.5817757,6.0375547,4.1074395,3.8697152,86.458,1.216,12.326
COOK:7508001,35.385391,26.489449,13.908455,9.5957851,6.4603319,4.2312479,3.9293418,83.285004,.884,15.831
CITY OF CHICAGO:WARD 48 PRECINCT 19,27.79845,33.68045,13.831718,9.7861404,6.4979382,4.3851795,4.0203738,24.056999,1.0930001,74.849998
CITY OF CHICAGO:WARD 48 PRECINCT 15,24.152416,41.64312,11.779762,8.5605993,6.4611521,3.7273121,3.6755061,2.1400001,.092,97.767998
CITY OF CHICAGO:WARD 50 PRECINCT 24,29.284998,15.847916,29.410406,6.3784127,6.1592035,3.3616228,9.5571413,47.194,50.939999,1.8660001
COOK:8200021,36.068962,25.175913,15.582441,9.5436897,5.8013458,4.0412054,3.786695,87.926003,1.378,10.696
COOK:8300012,33.640575,17.697456,24.948015,8.1598206,4.2185874,3.734,7.6014462,78.802002,19.157,2.0409999
CITY OF CHICAGO:WARD 50 PRECINCT 15,37.402443,21.009169,18.640175,9.3985415,5.0122275,4.275619,4.2619505,94.288002,2.7620001,2.95
CITY OF CHICAGO:WARD 50 PRECINCT 22,29.118961,15.922483,28.656582,6.6528149,6.1129422,3.7497416,9.7863169,49.445,48.474998,2.0799999
CITY OF CHICAGO:WARD 46 PRECINCT 20,26.906324,35.467194,13.203314,9.5025425,6.9027324,4.0736589,3.9441016,15.795,.66799998,83.537003
CITY OF CHICAGO:WARD 50 PRECINCT 11,28.734789,16.493723,28.16984,6.3247123,6.4309335,3.7990866,10.046361,49.436001,47.727001,2.8369999
COOK:7503002,35.213661,26.358774,14.206946,9.7177649,6.469389,4.105751,3.9277875,83.130997,1.057,15.812
CITY OF CHICAGO:WARD 46 PRECINCT 21,30.191488,27.912468,17.018211,9.9902859,6.3458376,4.2594385,4.2826076,56.924999,4.6529999,38.422001
COOK:8100036,29.104753,26.929838,15.706574,10.131073,5.9841509,4.3407326,7.8030586,56.589001,4.2160001,39.195
CITY OF CHICAGO:WARD 49 PRECINCT 12,28.499832,31.366781,14.484247,10.22893,7.1254945,4.182611,4.1123242,35.653999,1.839,62.507
CITY OF CHICAGO:WARD 40 PRECINCT 02,29.859257,28.842161,15.435358,10.517798,6.7137442,4.4772325,4.1547432,52.127998,2.904,44.967999
CITY OF CHICAGO:WARD 40 PRECINCT 07,27.511847,34.160152,13.771092,9.6013918,6.8393631,4.1253204,3.9907362,21.576,.99900001,77.425003
COOK:7502004,35.552486,25.789351,14.839092,9.7196121,6.1331635,4.0921421,3.8738506,85.523003,1.1799999,13.297
CITY OF CHICAGO:WARD 40 PRECINCT 03,29.437508,29.853113,15.307621,10.242233,6.6040511,4.4341984,4.1213698,46.057999,2.675,51.266998
CITY OF CHICAGO:WARD 48 PRECINCT 34,24.624393,41.479267,11.579152,8.7759647,5.6938066,4.2636538,3.5831435,2.55,.071999997,97.377998
COOK:8200049,35.878902,25.361019,15.369265,9.3659563,6.0870509,3.9969141,3.940851,87.184998,1.347,11.468
COOK:8100024,27.376011,24.960386,21.286457,9.1714811,5.7066612,3.9656539,7.5333838,49.478001,18.697001,31.825001
COOK:8200018,43.875641,17.532261,18.687525,7.9939222,4.3975821,3.5631311,3.9501166,99.349998,.52899998,.121
CITY OF CHICAGO:WARD 48 PRECINCT 23,30.16316,27.859697,17.535151,9.7302551,6.3512006,4.0598702,4.3004718,56.688999,5.1890001,38.122002
CITY OF CHICAGO:WARD 50 PRECINCT 05,37.652271,20.624508,19.178703,9.2558365,4.8977952,4.1567459,4.2339144,94.524002,3.0309999,2.4449999
CITY OF CHICAGO:WARD 46 PRECINCT 07,22.080967,46.340542,9.7800074,8.1816998,6.4790411,3.6812086,3.4563527,.26300001,.0080000004,99.728996
CITY OF CHICAGO:WARD 46 PRECINCT 23,27.230162,34.50005,13.605033,9.7950811,6.6433597,4.2269478,3.9996948,19.327,.90100002,79.772003
CITY OF CHICAGO:WARD 48 PRECINCT 28,25.131456,39.775982,12.161257,8.9890242,6.0951371,4.1256223,3.7213955,4.4310002,.177,95.391998
COOK:7507005,35.010998,26.277615,14.86249,9.5718946,6.6063876,3.7622678,3.9083145,82.779999,1.312,15.908
COOK:7504006,34.130169,27.691208,13.422858,9.4350424,7.4849038,3.7653325,4.070334,75.661003,.89200002,23.447001
CITY OF CHICAGO:WARD 40 PRECINCT 01,29.961002,28.419136,16.182333,10.329984,6.5697365,4.3396444,4.1976929,54.158001,3.7049999,42.137001
CITY OF CHICAGO:WARD 48 PRECINCT 04,30.103031,28.300804,16.898056,9.9576464,6.206274,4.3011093,4.2330179,54.944,4.4050002,40.651001
CITY OF CHICAGO:WARD 48 PRECINCT 14,26.211582,36.36702,13.311937,9.2788334,7.0108142,3.8196006,4.0003886,11.72,.60799998,87.671997
COOK:7503003,35.463158,26.174192,14.059237,9.7566538,6.289444,4.3144183,3.9428911,84.373001,.935,14.692
CITY OF CHICAGO:WARD 48 PRECINCT 13,29.965153,28.530754,16.054531,10.370248,6.6137753,4.3396254,4.1259146,53.666,3.517,42.817001
CITY OF CHICAGO:WARD 49 PRECINCT 10,28.65127,31.644287,14.376368,10.163551,6.7152834,4.3994303,4.0500097,35.275002,1.745,62.98
COOK:7503004,36.00581,25.202114,15.101181,9.6518955,5.8364482,4.2759504,3.926775,87.844002,1.239,10.917
COOK:7509003,35.01659,26.473066,14.18765,9.790884,6.5525703,4.0461631,3.9329937,82.288002,1.034,16.677999
CITY OF CHICAGO:WARD 48 PRECINCT 21,28.407763,32.069313,14.553405,10.071375,6.4425492,4.3982096,4.0573187,32.492001,1.689,65.819
COOK:8300051,33.365398,16.700695,27.033867,7.807817,3.9704115,3.4341493,7.687645,72.166,26.452999,1.381
CITY OF CHICAGO:WARD 48 PRECINCT 18,27.090019,35.232494,13.420361,9.4696035,6.7059422,4.1333818,3.948278,16.790001,.76599997,82.444
CITY OF CHICAGO:WARD 48 PRECINCT 11,28.457376,32.16737,14.348326,10.011891,6.4926553,4.4545355,4.0677147,32.268002,1.652,66.080002
CITY OF CHICAGO:WARD 41 PRECINCT 30,29.061747,16.738216,28.018757,6.8791299,6.2788453,3.6199274,9.4033747,51.178001,45.805,3.017
COOK:7506006,36.368805,24.537743,16.302139,9.3167133,5.6553421,3.9554672,3.8643017,89.655998,1.6059999,8.7379999
CITY OF CHICAGO:WARD 49 PRECINCT 02,29.026175,30.592155,15.504166,9.9875269,6.4478154,4.2900825,4.1519079,40.971001,2.675,56.354
CITY OF CHICAGO:WARD 41 PRECINCT 31,29.196346,16.278671,28.265211,6.9284234,6.0346861,3.7729249,9.5238228,51.094002,46.462002,2.444
CITY OF CHICAGO:WARD 40 PRECINCT 16,27.885057,33.699554,13.728765,9.8612213,6.3113375,4.5280681,3.9859686,24.271999,1.03,74.697998
CITY OF CHICAGO:WARD 48 PRECINCT 31,26.787165,36.06366,12.680036,9.7130337,6.3892484,4.4624257,3.9044964,13.759,.52100003,85.720001
COOK:8100026,29.270555,26.357494,16.511789,9.991189,5.8150463,4.1741691,7.8797956,59.411999,5.3410001,35.247002
CITY OF CHICAGO:WARD 49 PRECINCT 11,29.087101,30.526081,14.58388,10.423749,6.8172607,4.4688025,4.0931234,41.765999,2.013,56.221001
CITY OF CHICAGO:WARD 46 PRECINCT 16,28.539532,32.61272,14.862939,9.5245171,5.9067268,4.5110598,4.0423169,30.746,1.691,67.563004
COOK:7507001,36.034821,24.833036,15.889902,9.5473003,5.7886815,4.0100274,3.8959715,88.431999,1.5369999,10.031
CITY OF CHICAGO:WARD 49 PRECINCT 01,28.444859,31.604906,14.599635,10.202585,6.7836628,4.2658415,4.0984869,34.361,1.898,63.741001
CITY OF CHICAGO:WARD 46 PRECINCT 19,27.310013,34.466904,13.227333,9.9685154,6.7212815,4.3350987,3.9708984,19.910999,.80199999,79.287003
CITY OF CHICAGO:WARD 47 PRECINCT 03,23.821499,42.996231,10.956614,8.649456,5.8578372,4.1461182,3.5719471,1.302,.050000001,98.648003
CITY OF CHICAGO:WARD 50 PRECINCT 07,29.133234,30.286234,14.846463,10.380607,6.8457241,4.3822503,4.1254225,42.866001,2.2620001,54.872002
COOK:8000030,37.807522,19.489264,20.910295,9.0443897,4.4335275,4.0261531,4.2888889,94.071999,4.3410001,1.587
COOK:7506005,36.196651,24.760525,16.007729,9.4081001,5.7528329,3.9837272,3.8904397,88.879997,1.544,9.5760002
COOK:7506001,36.335434,24.418631,16.587427,9.2706823,5.663496,3.8461394,3.8781147,89.682999,1.83,8.4870005
CITY OF CHICAGO:WARD 47 PRECINCT 02,23.591703,43.700951,10.792021,8.4802704,5.8177171,4.1036429,3.513962,1.006,.032000002,98.961998
COOK:7502001,34.636261,27.090342,13.894056,9.4679527,7.0591593,3.8547134,3.9978645,79.449997,1.026,19.524
CITY OF CHICAGO:WARD 40 PRECINCT 19,27.11199,35.877579,12.736076,9.6179075,6.2082858,4.5886493,3.8592594,15.167,.486,84.347
CITY OF CHICAGO:WARD 48 PRECINCT 06,24.431995,40.91922,11.887434,8.8046284,6.380167,3.861171,3.7154241,2.803,.127,97.07
COOK:7509004,35.78688,25.458364,15.06648,9.7605829,5.9294682,4.1504335,3.8476577,86.777,1.274,11.949
COOK:7507002,35.633804,25.441635,15.28156,9.6723843,6.0654407,4.0078316,3.8971369,86.328003,1.399,12.273
CITY OF CHICAGO:WARD 40 PRECINCT 21,22.522278,45.662506,10.059232,8.2684765,6.1414804,3.8766851,3.4693055,.35699999,.013,99.629997
CITY OF CHICAGO:WARD 40 PRECINCT 15,26.806684,35.923981,12.838773,9.683753,6.4253864,4.4128466,3.9089575,14.351,.54100001,85.108002
COOK:7506004,36.406353,24.661556,16.086008,9.3262758,5.6560693,4.0185714,3.8449087,89.456001,1.552,8.9919996
CITY OF CHICAGO:WARD 48 PRECINCT 12,26.663891,36.010532,13.647177,9.0999279,6.6050606,3.9882951,3.9849102,13.633,.70499998,85.662003
CITY OF CHICAGO:WARD 49 PRECINCT 13,28.522299,31.90811,13.787071,10.362066,6.9472003,4.4544969,4.0186572,33.709999,1.42,64.870003
CITY OF CHICAGO:WARD 48 PRECINCT 07,27.685707,34.171711,13.691689,9.6962175,6.33146,4.4490533,3.9737821,21.993,.93099999,77.075996
COOK:7504004,35.331547,25.84341,15.171749,9.4191065,6.4488816,3.8229287,3.9623132,84.559998,1.365,14.075
CITY OF CHICAGO:WARD 48 PRECINCT 25,26.311174,36.551033,12.66148,9.45889,6.9940615,4.0705256,3.9530044,11.61,.456,87.933998
CITY OF CHICAGO:WARD 46 PRECINCT 08,21.41515,47.591412,9.578433,7.9486518,6.4917583,3.5344424,3.4401941,.124,.0060000001,99.870003
COOK:7501004,34.835503,26.719995,14.774152,9.0289974,7.0878434,3.551404,4.0020418,80.995003,1.252,17.753
CITY OF CHICAGO:WARD 48 PRECINCT 24,29.526306,29.978046,15.924047,9.8948555,6.0411787,4.4812608,4.1541557,45.671001,2.9679999,51.361
CITY OF CHICAGO:WARD 40 PRECINCT 20,23.633511,43.5196,10.818443,8.4869652,5.9462328,4.0583959,3.5370109,1.1059999,.037999999,98.856003
CITY OF CHICAGO:WARD 48 PRECINCT 30,26.948685,34.932621,13.858328,9.4658709,6.8532486,3.9361537,4.0050411,17.271999,.94,81.788002
CITY OF CHICAGO:WARD 41 PRECINCT 28,28.209867,19.042274,26.499577,6.7916589,6.3423309,3.7815971,9.3327904,51.465,41.412998,7.1220002
CITY OF CHICAGO:WARD 49 PRECINCT 04,23.393579,43.509872,10.947793,8.4329538,6.2456288,3.8612239,3.60899,1.011,.035999998,98.953003
CITY OF CHICAGO:WARD 49 PRECINCT 16,28.101254,33.020683,13.733796,10.017999,6.6156149,4.4783168,4.032268,27.558001,1.1799999,71.262001
CITY OF CHICAGO:WARD 47 PRECINCT 04,25.155979,39.686836,12.235441,8.9893017,6.067049,4.1296906,3.7354667,4.4520001,.19,95.358002
CITY OF CHICAGO:WARD 46 PRECINCT 10,24.022938,41.852394,11.698928,8.6136875,6.4110723,3.7366238,3.6646762,1.96,.081,97.959
CITY OF CHICAGO:WARD 49 PRECINCT 03,29.854633,28.556345,16.804956,9.9656878,6.3963304,4.179441,4.2427077,52.839001,4.2989998,42.862
CITY OF CHICAGO:WARD 46 PRECINCT 13,23.63888,43.264782,11.144329,8.4385519,6.0385022,3.9212573,3.5535169,1.171,.046,98.782997
CITY OF CHICAGO:WARD 46 PRECINCT 11,22.439833,45.293686,10.547277,8.1682768,6.3681846,3.6292078,3.5532718,.412,.016000001,99.571999
CITY OF CHICAGO:WARD 49 PRECINCT 09,27.930815,33.518089,13.25141,10.123347,6.6920896,4.5343857,3.9499297,25.146999,.91000003,73.943001
CITY OF CHICAGO:WARD 48 PRECINCT 35,27.934618,33.275806,13.89285,10.018211,6.4157376,4.4624438,4.000514,25.945,1.212,72.843002
COOK:7509002,35.542763,25.712444,14.88501,9.6747284,6.1728849,4.0849438,3.9272096,85.611,1.23,13.159
CITY OF CHICAGO:WARD 46 PRECINCT 18,23.711514,42.473797,11.174438,8.726366,6.4803233,3.8025556,3.6315048,1.405,.061999999,98.532997
CITY OF CHICAGO:WARD 48 PRECINCT 10,28.066441,32.897316,13.890274,10.019387,6.6968827,4.3847065,4.0454464,27.775999,1.28,70.944
CITY OF CHICAGO:WARD 49 PRECINCT 07,23.898806,41.912468,11.391449,8.6911163,6.8009567,3.6486897,3.6565139,1.83,.078000002,98.092003
CITY OF CHICAGO:WARD 49 PRECINCT 05,26.125727,36.90366,12.618237,9.5581522,6.8332882,4.064518,3.8965468,10.391,.41600001,89.193001
CITY OF CHICAGO:WARD 47 PRECINCT 06,24.754879,40.828537,11.546945,8.9515791,6.0482874,4.2055817,3.6642435,3.0650001,.1,96.834999
CITY OF CHICAGO:WARD 49 PRECINCT 15,28.733122,31.293205,14.550261,10.195246,6.8450518,4.3273678,4.0557761,36.988998,1.904,61.106998
CITY OF CHICAGO:WARD 40 PRECINCT 14,24.418221,41.636044,11.538784,8.6884289,6.0740681,4.0353241,3.6090333,2.362,.083999999,97.554001
CITY OF CHICAGO:WARD 49 PRECINCT 17,26.933641,35.273949,12.904427,9.8249865,6.8479338,4.2612286,3.9537625,16.49,.61000001,82.900002
CITY OF CHICAGO:WARD 49 PRECINCT 14,28.193708,32.241154,14.48103,9.9661655,6.8346148,4.1827521,4.1005726,30.872999,1.768,67.359001
CITY OF CHICAGO:WARD 48 PRECINCT 01,27.374989,34.691128,13.310343,9.8756514,6.3151674,4.4925609,3.9403365,19.326,.76999998,79.903999
CITY OF CHICAGO:WARD 41 PRECINCT 29,29.026463,16.714529,27.774103,7.0357952,6.2157803,3.7657793,9.4676771,51.942001,45.000999,3.0569999
CITY OF CHICAGO:WARD 46 PRECINCT 17,26.890251,35.731544,12.824591,9.7560349,6.4731755,4.4190907,3.9057908,14.969,.54400003,84.487
CITY OF CHICAGO:WARD 46 PRECINCT 12,23.098051,43.978683,11.164857,8.1761675,6.3642287,3.6150804,3.6027815,.76099998,.029999999,99.209
CITY OF CHICAGO:WARD 40 PRECINCT 10,28.704788,31.891443,14.217849,10.215432,6.2631831,4.6750188,4.0318999,34.256001,1.573,64.170998
CITY OF CHICAGO:WARD 46 PRECINCT 06,22.492815,45.702621,10.307438,8.1072969,6.1334305,3.779356,3.4769771,.366,.02,99.613998
CITY OF CHICAGO:WARD 47 PRECINCT 05,23.792751,43.285042,10.987929,8.4629135,5.7872219,4.1411648,3.5426424,1.233,.035,98.732002
CITY OF CHICAGO:WARD 49 PRECINCT 08,27.374176,34.469517,13.085282,9.9369698,6.7821355,4.3752961,3.9765985,20.017,.76999998,79.212997
CITY OF CHICAGO:WARD 46 PRECINCT 15,27.276814,34.882858,13.692824,9.4806709,6.3573537,4.3075619,4.0019197,18.351,.898,80.750999
